insert into users (id, email, nickname, total_points, total_activities, profile_image_url, created_by, created_at,
                   modified_by, modified_at, is_active)
values ('2c0cd5f3-2993-4b71-a8da-5beeb79ad43c', 'aekuya_@naver.com', 'aekuya_', 0, 1,
        'https://storage.googleapis.com/honmoon-bucket/image/honmmon.png', 'anonymous',
        '2025-08-06 06:31:48.122090 +00:00', 'anonymous', '2025-08-11 18:57:27.551835 +00:00', true),
       ('63dbcdf7-598e-4111-89f4-1c6a6cc6f5e3', 'psy950115@naver.com', '상원팍', 0, 0,
        'https://storage.googleapis.com/honmoon-bucket/image/honmmon.png', 'anonymous',
        '2025-08-06 06:31:48.122090 +00:00', 'anonymous', '2025-08-06 06:31:48.122090 +00:00', true),
       ('6f8e9e91-530f-410a-9796-a20c428297c9', 'consiconst@naver.com', '이진구', 0, 0,
        'https://storage.googleapis.com/honmoon-bucket/image/honmmon.png', 'anonymous',
        '2025-08-06 06:31:48.122090 +00:00', 'anonymous', '2025-08-06 06:31:48.122090 +00:00', true),
       ('bce8f598-b083-4972-94f8-177c7af7386e', 'leejinku11@gmail.com', 'leejinku11', 0, 0,
        'https://storage.googleapis.com/honmoon-bucket/image/honmmon.png', 'anonymous',
        '2025-08-06 06:31:48.122090 +00:00', 'anonymous', '2025-08-06 06:31:48.122090 +00:00', false),
       ('cf9f9ba7-d1fb-4240-9521-1b1e9a8d8808', 'sylvester7412@gmail.com', '김지원', 0, 0,
        'https://storage.googleapis.com/honmoon-bucket/image/honmmon.png', 'anonymous',
        '2025-08-06 06:31:48.122090 +00:00', 'anonymous', '2025-08-06 06:31:48.122090 +00:00', true),
       ('efaa7a69-b6d2-43d6-90f7-c079e156afd4', 'psy950115@gmail.com', '박상원', 0, 0,
        'https://storage.googleapis.com/honmoon-bucket/image/honmmon.png', 'anonymous',
        '2025-08-06 06:31:48.122090 +00:00', 'anonymous', '2025-08-06 06:31:48.122090 +00:00', true);

insert into mission_detail (id, title, description, points, mission_type, place_id, question, answer, choices,
                            answer_explanation, correct_image_url, image_upload_instruction, created_by, created_at,
                            modified_by, modified_at)
values (1, '광화문 역사 퀴즈', '광화문의 역사에 대한 상식 퀴즈', 100, 'QUIZ_MULTIPLE_CHOICE', 3, '광화문은 어느 조선 왕 때 처음 건설되었나요?', '태조', '{
  "choices": [
    "세종대왕",
    "태조",
    "영조",
    "정조"
  ]
}', '광화문은 1395년 조선 태조 때 처음 건설되었습니다.', null, null, 'jiwondev', '2025-08-10 10:04:22.517991 +00:00', 'jiwondev',
        '2025-08-10 10:04:22.517991 +00:00'),
       (2, '한강공원 생태 퀴즈', '한강의 자연환경에 대한 문제', 120, 'QUIZ_MULTIPLE_CHOICE', 1, '한강에서 볼 수 있는 대표적인 철새는?', '갈매기', '{
         "choices": [
           "비둘기",
           "갈매기",
           "까치",
           "참새"
         ]
       }', '한강에는 겨울철 갈매기들이 많이 찾아옵니다.', null, null, 'jiwondev', '2025-08-10 10:04:22.517991 +00:00', 'jiwondev',
        '2025-08-10 10:04:22.517991 +00:00'),
       (3, '남산타워 건축 퀴즈', '남산서울타워의 건축 정보', 110, 'QUIZ_MULTIPLE_CHOICE', 2, '남산서울타워가 완공된 연도는?', '1980', '{
         "choices": [
           "1975",
           "1980",
           "1985",
           "1990"
         ]
       }', '남산서울타워는 1980년에 완공되었습니다.', null, null, 'jiwondev', '2025-08-10 10:04:22.517991 +00:00', 'jiwondev',
        '2025-08-10 10:04:22.517991 +00:00'),
       (4, '경복궁 문화재 퀴즈', '경복궁의 주요 건물에 대한 문제', 150, 'QUIZ_MULTIPLE_CHOICE', 4, '경복궁의 정전(正殿) 이름은?', '근정전', '{
         "choices": [
           "근정전",
           "인정전",
           "선정전",
           "명정전"
         ]
       }', '경복궁의 정전은 근정전입니다.', null, null, 'jiwondev', '2025-08-10 10:04:22.517991 +00:00', 'jiwondev',
        '2025-08-10 10:04:22.517991 +00:00'),
       (5, '홍대 문화 퀴즈', '홍대 지역의 문화적 특성', 90, 'QUIZ_MULTIPLE_CHOICE', 7, '홍대 앞이 젊은이들의 문화 거리가 된 이유는?', '홍익대학교', '{
         "choices": [
           "서울대학교",
           "연세대학교",
           "홍익대학교",
           "이화여자대학교"
         ]
       }', '홍익대학교 미술대학의 영향으로 예술과 문화의 거리가 되었습니다.', null, null, 'jiwondev', '2025-08-10 10:04:22.517991 +00:00',
        'jiwondev', '2025-08-10 10:04:22.517991 +00:00'),
       (6, '인사동 전통 퀴즈', '인사동의 전통 문화', 130, 'QUIZ_MULTIPLE_CHOICE', 10, '인사동에서 주로 판매하는 전통 상품은?', '전통 공예품', '{
         "choices": [
           "전자제품",
           "전통 공예품",
           "의류",
           "화장품"
         ]
       }', '인사동은 전통 공예품과 골동품으로 유명합니다.', null, null, 'jiwondev', '2025-08-10 10:04:22.517991 +00:00', 'jiwondev',
        '2025-08-10 10:04:22.517991 +00:00'),
       (7, '이태원 국제문화 퀴즈', '이태원의 국제적 특성', 100, 'QUIZ_MULTIPLE_CHOICE', 9, '이태원이 국제적인 거리가 된 주요 이유는?', '미군 기지', '{
         "choices": [
           "대사관",
           "미군 기지",
           "국제학교",
           "외국인 회사"
         ]
       }', '용산 미군 기지 근처에 위치해 다양한 국가의 문화가 형성되었습니다.', null, null, 'jiwondev', '2025-08-10 10:04:22.517991 +00:00',
        'jiwondev', '2025-08-10 10:04:22.517991 +00:00'),
       (8, '강남역 교통 퀴즈', '강남역의 교통 정보', 80, 'QUIZ_MULTIPLE_CHOICE', 8, '강남역에서 환승 가능한 지하철 호선은?', '2호선, 신분당선', '{
         "choices": [
           "1호선, 4호선",
           "2호선, 신분당선",
           "3호선, 7호선",
           "5호선, 9호선"
         ]
       }', '강남역은 지하철 2호선과 신분당선이 만나는 환승역입니다.', null, null, 'jiwondev', '2025-08-10 10:04:22.517991 +00:00', 'jiwondev',
        '2025-08-10 10:04:22.517991 +00:00'),
       (9, '서울 수도 퀴즈', '대한민국의 수도에 대한 기본 지식', 50, 'QUIZ_TEXT_INPUT', null, '대한민국의 수도는 어디인가요?', '서울', null,
        '대한민국의 수도는 서울특별시입니다.', null, null, 'jiwondev', '2025-08-10 10:04:22.517991 +00:00', 'jiwondev',
        '2025-08-10 10:04:22.517991 +00:00'),
       (10, '한강 다리 퀴즈', '한강의 주요 다리 이름 맞추기', 70, 'QUIZ_TEXT_INPUT', 1, '여의도와 마포구를 연결하는 다리 이름은?', '마포대교', null,
        '마포대교는 여의도와 마포구를 연결하는 주요 다리입니다.', null, null, 'jiwondev', '2025-08-10 10:04:22.517991 +00:00', 'jiwondev',
        '2025-08-10 10:04:22.517991 +00:00'),
       (11, '궁궐 개수 퀴즈', '서울의 5대 궁궐', 90, 'QUIZ_TEXT_INPUT', null, '서울에 있는 5대 궁궐 중 하나를 적어주세요', '경복궁', null,
        '서울 5대 궁: 경복궁, 창덕궁, 창경궁, 덕수궁, 종묘', null, null, 'jiwondev', '2025-08-10 10:04:22.517991 +00:00', 'jiwondev',
        '2025-08-10 10:04:22.517991 +00:00'),
       (12, '올림픽 연도 퀴즈', '서울올림픽 개최 연도', 80, 'QUIZ_TEXT_INPUT', 11, '서울올림픽이 열린 연도는?', '1988', null,
        '1988년 서울에서 제24회 하계올림픽이 개최되었습니다.', null, null, 'jiwondev', '2025-08-10 10:04:22.517991 +00:00', 'jiwondev',
        '2025-08-10 10:04:22.517991 +00:00'),
       (13, '한옥마을 동네 퀴즈', '북촌한옥마을 위치', 60, 'QUIZ_TEXT_INPUT', 13, '북촌한옥마을이 위치한 구는?', '종로구', null,
        '북촌한옥마을은 서울시 종로구에 위치합니다.', null, null, 'jiwondev', '2025-08-10 10:04:22.517991 +00:00', 'jiwondev',
        '2025-08-10 10:04:22.517991 +00:00'),
       (14, '전통시장 퀴즈', '명동 근처 전통시장', 70, 'QUIZ_TEXT_INPUT', 6, '명동 근처에 있는 유명한 전통시장은?', '남대문시장', null,
        '명동에서 도보로 갈 수 있는 남대문시장이 유명합니다.', null, null, 'jiwondev', '2025-08-10 10:04:22.517991 +00:00', 'jiwondev',
        '2025-08-10 10:04:22.517991 +00:00'),
       (15, '명동 길거리음식 사진', '명동 대표 길거리음식을 촬영해주세요', 200, 'QUIZ_IMAGE_UPLOAD', 6,
        '명동의 대표 길거리음식(호떡, 붕어빵, 계란빵 등) 사진을 업로드해주세요', null, null, null, 'https://example.com/myeongdong-street-food.jpg',
        '명동 길거리에서 파는 대표 음식들의 사진을 찍어 업로드해주세요.', 'jiwondev', '2025-08-10 10:04:22.517991 +00:00', 'jiwondev',
        '2025-08-10 10:04:22.517991 +00:00'),
       (16, '경복궁 근위병 교대식', '경복궁 근위병 교대식 순간 포착', 250, 'QUIZ_IMAGE_UPLOAD', 4, '경복궁 근위병 교대식 장면을 촬영해주세요', null, null, null,
        'https://example.com/gyeongbokgung-guard.jpg', '광화문에서 진행되는 근위병 교대식의 모습을 사진으로 담아주세요.', 'jiwondev',
        '2025-08-10 10:04:22.517991 +00:00', 'jiwondev', '2025-08-10 10:04:22.517991 +00:00'),
       (17, '남산타워 야경 사진', '남산서울타워와 서울 야경 촬영', 300, 'QUIZ_IMAGE_UPLOAD', 2, '남산서울타워가 포함된 서울 야경을 촬영해주세요', null, null,
        null, 'https://example.com/namsan-night-view.jpg', '남산서울타워와 함께 서울의 아름다운 야경을 담아주세요.', 'jiwondev',
        '2025-08-10 10:04:22.517991 +00:00', 'jiwondev', '2025-08-10 10:04:22.517991 +00:00'),
       (18, '한강 일몰 사진', '한강에서 바라본 아름다운 일몰', 180, 'QUIZ_IMAGE_UPLOAD', 12, '한강에서 일몰 장면을 촬영해주세요', null, null, null,
        'https://example.com/hangang-sunset.jpg', '한강에서 볼 수 있는 아름다운 일몰의 순간을 포착해주세요.', 'jiwondev',
        '2025-08-10 10:04:22.517991 +00:00', 'jiwondev', '2025-08-10 10:04:22.517991 +00:00'),
       (19, '인사동 전통차 사진', '인사동 전통찻집의 차 한 잔', 150, 'QUIZ_IMAGE_UPLOAD', 10, '인사동 전통찻집에서 전통차 사진을 찍어주세요', null, null, null,
        'https://example.com/insadong-traditional-tea.jpg', '인사동 전통찻집에서 전통차와 함께 분위기 있는 사진을 찍어주세요.', 'jiwondev',
        '2025-08-10 10:04:22.517991 +00:00', 'jiwondev', '2025-08-10 10:04:22.517991 +00:00'),
       (20, '홍대 버스킹 공연', '홍대 거리 버스킹 공연 장면', 160, 'QUIZ_IMAGE_UPLOAD', 7, '홍대에서 진행되는 버스킹 공연을 촬영해주세요', null, null, null,
        'https://example.com/hongdae-busking.jpg', '홍대 거리에서 열리는 다양한 버스킹 공연의 모습을 담아주세요.', 'jiwondev',
        '2025-08-10 10:04:22.517991 +00:00', 'jiwondev', '2025-08-10 10:04:22.517991 +00:00'),
       (21, '이태원 국제음식 사진', '이태원 다국적 음식점의 요리', 170, 'QUIZ_IMAGE_UPLOAD', 9, '이태원의 외국음식점에서 요리 사진을 찍어주세요', null, null,
        null, 'https://example.com/itaewon-international-food.jpg', '이태원 지역의 다양한 국가 음식점에서 특색 있는 요리를 촬영해주세요.',
        'jiwondev', '2025-08-10 10:04:22.517991 +00:00', 'jiwondev', '2025-08-10 10:04:22.517991 +00:00'),
       (22, '북촌 한옥 건축 사진', '북촌한옥마을의 전통 한옥', 220, 'QUIZ_IMAGE_UPLOAD', 13, '북촌한옥마을의 전통 한옥 건축물을 촬영해주세요', null, null, null,
        'https://example.com/bukchon-hanok.jpg', '북촌한옥마을의 아름다운 전통 한옥 건축물을 사진으로 담아주세요.', 'jiwondev',
        '2025-08-10 10:04:22.517991 +00:00', 'jiwondev', '2025-08-10 10:04:22.517991 +00:00'),
       (23, '덕수궁 돌담길 산책', '덕수궁 돌담길을 걸어보세요', 120, 'PLACE_VISIT', 5, null, null, null, null, null, null, 'jiwondev',
        '2025-08-10 10:04:22.517991 +00:00', 'jiwondev', '2025-08-10 10:04:22.517991 +00:00'),
       (24, '올림픽공원 조각작품 관람', '올림픽공원의 다양한 조각 작품들을 감상하세요', 100, 'PLACE_VISIT', 11, null, null, null, null, null, null,
        'jiwondev', '2025-08-10 10:04:22.517991 +00:00', 'jiwondev', '2025-08-10 10:04:22.517991 +00:00'),
       (25, '익선동 카페거리 탐방', '익선동의 개성 있는 카페들을 둘러보세요', 90, 'PLACE_VISIT', 14, null, null, null, null, null, null,
        'jiwondev', '2025-08-10 10:04:22.517991 +00:00', 'jiwondev', '2025-08-10 10:04:22.517991 +00:00'),
       (26, '강남 지하상가 쇼핑', '강남역 지하상가에서 쇼핑을 즐겨보세요', 80, 'PLACE_VISIT', 8, null, null, null, null, null, null, 'jiwondev',
        '2025-08-10 10:04:22.517991 +00:00', 'jiwondev', '2025-08-10 10:04:22.517991 +00:00'),
       (27, '한강 피크닉 사진', '한강에서 가족, 친구들과 피크닉 즐기기', 150, 'PHOTO_UPLOAD', 1, null, null, null, null, null,
        '한강공원에서 피크닉을 즐기는 모습을 사진으로 남겨주세요.', 'jiwondev', '2025-08-10 10:04:22.517991 +00:00', 'jiwondev',
        '2025-08-10 10:04:22.517991 +00:00'),
       (28, '전통시장 체험 사진', '전통시장에서의 쇼핑 체험', 130, 'PHOTO_UPLOAD', null, null, null, null, null, null,
        '서울의 전통시장에서 쇼핑하는 모습을 사진으로 찍어주세요.', 'jiwondev', '2025-08-10 10:04:22.517991 +00:00', 'jiwondev',
        '2025-08-10 10:04:22.517991 +00:00'),
       (29, '서울 관광 만족도 조사', '서울 관광지 방문 후 만족도 설문', 50, 'SURVEY', null, null, null, null, null, null, null, 'jiwondev',
        '2025-08-10 10:04:22.517991 +00:00', 'jiwondev', '2025-08-10 10:04:22.517991 +00:00'),
       (30, '대중교통 이용 후기', '서울 대중교통 이용 경험 설문조사', 40, 'SURVEY', null, null, null, null, null, null, null, 'jiwondev',
        '2025-08-10 10:04:22.517991 +00:00', 'jiwondev', '2025-08-10 10:04:22.517991 +00:00');

insert into mission_place (id, name, description, created_by, created_at, modified_by, modified_at, location,
                                  image, latitude, longitude, location_vec)
values (1, '한강공원 여의도', '한강을 따라 산책과 자전거를 즐길 수 있는 시민공원', 'jiwondev', '2025-08-10 10:04:22.471518 +00:00', 'jiwondev',
        '2025-08-10 10:04:22.471518 +00:00', '서울시 영등포구 여의공원로 120',
        'https://storage.googleapis.com/honmoon-bucket/place/image/hangangpark-yeouido.jpeg', 37.526078842989,
        126.933185430835, '[37.526077,126.93318]'),
       (2, '남산서울타워', '서울의 랜드마크, 360도 파노라마 뷰를 즐길 수 있는 전망대', 'jiwondev', '2025-08-10 10:04:22.471518 +00:00', 'jiwondev',
        '2025-08-10 10:04:22.471518 +00:00', '서울시 용산구 남산공원길 105',
        'https://storage.googleapis.com/honmoon-bucket/place/image/namsan-seoultower.jpeg', 37.55117, 126.988228,
        '[37.55117,126.98823]'),
       (3, '광화문광장', '세종대왕과 이순신 장군 동상이 있는 역사의 중심지', 'jiwondev', '2025-08-10 10:04:22.471518 +00:00', 'jiwondev',
        '2025-08-10 10:04:22.471518 +00:00', '서울시 종로구 세종대로 172',
        'https://storage.googleapis.com/honmoon-bucket/place/image/gwanghwamun-square.jpeg', 37.572834, 126.976612,
        '[37.572834,126.97661]'),
       (4, '경복궁', '조선왕조의 정궁, 근위병 교대식과 전통 건축의 아름다움', 'jiwondev', '2025-08-10 10:04:22.471518 +00:00', 'jiwondev',
        '2025-08-10 10:04:22.471518 +00:00', '서울시 종로구 사직로 161',
        'https://storage.googleapis.com/honmoon-bucket/place/image/gyeongbokgung-palace.jpeg', 37.579884, 126.9768,
        '[37.579884,126.9768]'),
       (5, '덕수궁', '고궁과 서양식 건물이 조화를 이루는 독특한 궁궐', 'jiwondev', '2025-08-10 10:04:22.471518 +00:00', 'jiwondev',
        '2025-08-10 10:04:22.471518 +00:00', '서울시 중구 세종대로 99',
        'https://storage.googleapis.com/honmoon-bucket/place/image/deoksugung-palace.jpeg', 37.5662, 126.9749,
        '[37.5662,126.9749]'),
       (6, '명동 쇼핑거리', '국내외 관광객들이 즐겨 찾는 쇼핑과 맛의 거리', 'jiwondev', '2025-08-10 10:04:22.471518 +00:00', 'jiwondev',
        '2025-08-10 10:04:22.471518 +00:00', '서울시 중구 명동2가 54-2',
        'https://storage.googleapis.com/honmoon-bucket/place/image/myeongdong-shoppingstreet.jpg', 37.563183, 126.98535,
        '[37.563183,126.98535]'),
       (7, '홍대 클럽거리', '젊음과 열정이 넘치는 홍익대학교 주변 문화의 거리', 'jiwondev', '2025-08-10 10:04:22.471518 +00:00', 'jiwondev',
        '2025-08-10 10:04:22.471518 +00:00', '서울시 마포구 양화로 160',
        'https://storage.googleapis.com/honmoon-bucket/place/image/hongdae-clubstreet.jpeg', 37.55528, 126.92333,
        '[37.55528,126.92333]'),
       (8, '강남역 지하상가', '젊은이들의 패션과 트렌드의 중심지', 'jiwondev', '2025-08-10 10:04:22.471518 +00:00', 'jiwondev',
        '2025-08-10 10:04:22.471518 +00:00', '서울시 강남구 강남대로 390',
        'https://storage.googleapis.com/honmoon-bucket/place/image/gangnam-underground-mall.jpeg', 37.497942,
        127.027621, '[37.497944,127.02762]'),
       (9, '이태원거리', '다양한 문화가 공존하는 국제적인 거리', 'jiwondev', '2025-08-10 10:04:22.471518 +00:00', 'jiwondev',
        '2025-08-10 10:04:22.471518 +00:00', '서울시 용산구 이태원로 177',
        'https://storage.googleapis.com/honmoon-bucket/place/image/itaewon-street.jpg', 37.5343797, 126.995424,
        '[37.534378,126.99542]'),
       (10, '인사동 문화거리', '전통 문화와 현대 예술이 만나는 특별한 거리', 'jiwondev', '2025-08-10 10:04:22.471518 +00:00', 'jiwondev',
        '2025-08-10 10:04:22.471518 +00:00', '서울시 종로구 인사동길 62',
        'https://storage.googleapis.com/honmoon-bucket/place/image/insadong-culturalstreet.jpg', 37.574353, 126.984355,
        '[37.574352,126.98435]'),
       (11, '올림픽공원', '88올림픽의 흔적과 넓은 잔디밭이 있는 도심 공원', 'jiwondev', '2025-08-10 10:04:22.471518 +00:00', 'jiwondev',
        '2025-08-10 10:04:22.471518 +00:00', '서울시 송파구 올림픽로 424',
        'https://storage.googleapis.com/honmoon-bucket/place/image/olympic-park.jpg', 37.5208, 127.1227,
        '[37.5208,127.1227]'),
       (12, '뚝섬한강공원', '한강에서 각종 수상스포츠와 피크닉을 즐길 수 있는 공간', 'jiwondev', '2025-08-10 10:04:22.471518 +00:00', 'jiwondev',
        '2025-08-10 10:04:22.471518 +00:00', '서울시 광진구 자양동 한강공원',
        'https://storage.googleapis.com/honmoon-bucket/place/image/ttukseom-hangangpark.jpeg', 37.528029, 127.076329,
        '[37.52803,127.07633]'),
       (13, '북촌한옥마을', '조선시대 양반들의 주거지였던 전통 한옥마을', 'jiwondev', '2025-08-10 10:04:22.471518 +00:00', 'jiwondev',
        '2025-08-10 10:04:22.471518 +00:00', '서울시 종로구 계동길 37',
        'https://storage.googleapis.com/honmoon-bucket/place/image/bukchon-hanokvillage.jpg', 37.582883, 126.983567,
        '[37.582882,126.98357]'),
       (14, '익선동 한옥마을', '젊은 감성과 전통이 어우러진 핫플레이스', 'jiwondev', '2025-08-10 10:04:22.471518 +00:00', 'jiwondev',
        '2025-08-10 10:04:22.471518 +00:00', '서울시 종로구 돈화문로11나길 12',
        'https://storage.googleapis.com/honmoon-bucket/place/image/ikseon-dong-hanokvillage.jpg', 37.5734, 126.98975,
        '[37.5734,126.98975]');

insert into point_history (id, user_id, points, description, created_by, created_at, modified_by, modified_at)
values (1, '2c0cd5f3-2993-4b71-a8da-5beeb79ad43c', 100, '광화문 역사 퀴즈 정답 보상', 'jiwondev',
        '2025-08-10 10:04:22.628004 +00:00', 'jiwondev', '2025-08-10 10:04:22.628004 +00:00'),
       (2, '2c0cd5f3-2993-4b71-a8da-5beeb79ad43c', 200, '명동 길거리음식 사진 업로드 완료', 'jiwondev',
        '2025-08-10 10:04:22.628004 +00:00', 'jiwondev', '2025-08-10 10:04:22.628004 +00:00'),
       (3, '2c0cd5f3-2993-4b71-a8da-5beeb79ad43c', 150, '경복궁 문화재 퀴즈 정답', 'jiwondev',
        '2025-08-10 10:04:22.628004 +00:00', 'jiwondev', '2025-08-10 10:04:22.628004 +00:00'),
       (4, '2c0cd5f3-2993-4b71-a8da-5beeb79ad43c', 120, '덕수궁 돌담길 산책 미션 완료', 'jiwondev',
        '2025-08-10 10:04:22.628004 +00:00', 'jiwondev', '2025-08-10 10:04:22.628004 +00:00'),
       (5, '2c0cd5f3-2993-4b71-a8da-5beeb79ad43c', -500, 'BHC 치킨 기프티콘 래플 응모', 'jiwondev',
        '2025-08-10 10:04:22.628004 +00:00', 'jiwondev', '2025-08-10 10:04:22.628004 +00:00'),
       (6, '2c0cd5f3-2993-4b71-a8da-5beeb79ad43c', 180, '한강 일몰 사진 업로드 완료', 'jiwondev',
        '2025-08-10 10:04:22.628004 +00:00', 'jiwondev', '2025-08-10 10:04:22.628004 +00:00'),
       (7, '2c0cd5f3-2993-4b71-a8da-5beeb79ad43c', -200, 'CGV 영화관람권 래플 응모', 'jiwondev',
        '2025-08-10 10:04:22.628004 +00:00', 'jiwondev', '2025-08-10 10:04:22.628004 +00:00'),
       (8, 'bce8f598-b083-4972-94f8-177c7af7386e', 120, '한강공원 생태 퀴즈 정답', 'jiwondev',
        '2025-08-10 10:04:22.628004 +00:00', 'jiwondev', '2025-08-10 10:04:22.628004 +00:00'),
       (9, 'bce8f598-b083-4972-94f8-177c7af7386e', 150, '한강 피크닉 사진 미션 완료', 'jiwondev',
        '2025-08-10 10:04:22.628004 +00:00', 'jiwondev', '2025-08-10 10:04:22.628004 +00:00'),
       (10, 'bce8f598-b083-4972-94f8-177c7af7386e', 90, '홍대 문화 퀴즈 정답', 'jiwondev', '2025-08-10 10:04:22.628004 +00:00',
        'jiwondev', '2025-08-10 10:04:22.628004 +00:00'),
       (11, 'bce8f598-b083-4972-94f8-177c7af7386e', -100, '스타벅스 아메리카노 래플 응모', 'jiwondev',
        '2025-08-10 10:04:22.628004 +00:00', 'jiwondev', '2025-08-10 10:04:22.628004 +00:00'),
       (12, '6f8e9e91-530f-410a-9796-a20c428297c9', 50, '서울 수도 퀴즈 정답', 'jiwondev', '2025-08-10 10:04:22.628004 +00:00',
        'jiwondev', '2025-08-10 10:04:22.628004 +00:00'),
       (13, '6f8e9e91-530f-410a-9796-a20c428297c9', 80, '강남역 교통 퀴즈 정답', 'jiwondev', '2025-08-10 10:04:22.628004 +00:00',
        'jiwondev', '2025-08-10 10:04:22.628004 +00:00'),
       (14, '6f8e9e91-530f-410a-9796-a20c428297c9', 90, '익선동 카페거리 탐방 완료', 'jiwondev',
        '2025-08-10 10:04:22.628004 +00:00', 'jiwondev', '2025-08-10 10:04:22.628004 +00:00'),
       (15, 'efaa7a69-b6d2-43d6-90f7-c079e156afd4', 110, '남산타워 건축 퀴즈 정답', 'jiwondev',
        '2025-08-10 10:04:22.628004 +00:00', 'jiwondev', '2025-08-10 10:04:22.628004 +00:00'),
       (16, 'efaa7a69-b6d2-43d6-90f7-c079e156afd4', 250, '경복궁 근위병 교대식 사진 업로드', 'jiwondev',
        '2025-08-10 10:04:22.628004 +00:00', 'jiwondev', '2025-08-10 10:04:22.628004 +00:00'),
       (17, 'efaa7a69-b6d2-43d6-90f7-c079e156afd4', 300, '남산타워 야경 사진 완료', 'jiwondev',
        '2025-08-10 10:04:22.628004 +00:00', 'jiwondev', '2025-08-10 10:04:22.628004 +00:00'),
       (18, 'efaa7a69-b6d2-43d6-90f7-c079e156afd4', 130, '인사동 전통 퀴즈 정답', 'jiwondev',
        '2025-08-10 10:04:22.628004 +00:00', 'jiwondev', '2025-08-10 10:04:22.628004 +00:00'),
       (19, 'efaa7a69-b6d2-43d6-90f7-c079e156afd4', 100, '올림픽공원 조각작품 관람 완료', 'jiwondev',
        '2025-08-10 10:04:22.628004 +00:00', 'jiwondev', '2025-08-10 10:04:22.628004 +00:00'),
       (20, '63dbcdf7-598e-4111-89f4-1c6a6cc6f5e3', 100, '이태원 국제문화 퀴즈 정답', 'jiwondev',
        '2025-08-10 10:04:22.628004 +00:00', 'jiwondev', '2025-08-10 10:04:22.628004 +00:00'),
       (21, '63dbcdf7-598e-4111-89f4-1c6a6cc6f5e3', -50, '스타벅스 아메리카노 래플 응모', 'jiwondev',
        '2025-08-10 10:04:22.628004 +00:00', 'jiwondev', '2025-08-10 10:04:22.628004 +00:00'),
       (22, '63dbcdf7-598e-4111-89f4-1c6a6cc6f5e3', 80, '강남 지하상가 쇼핑 미션 완료', 'jiwondev',
        '2025-08-10 10:04:22.628004 +00:00', 'jiwondev', '2025-08-10 10:04:22.628004 +00:00'),
       (23, '63dbcdf7-598e-4111-89f4-1c6a6cc6f5e3', 60, '한옥마을 동네 퀴즈 정답', 'jiwondev',
        '2025-08-10 10:04:22.628004 +00:00', 'jiwondev', '2025-08-10 10:04:22.628004 +00:00'),
       (24, '63dbcdf7-598e-4111-89f4-1c6a6cc6f5e3', 150, '인사동 전통차 사진 업로드', 'jiwondev',
        '2025-08-10 10:04:22.628004 +00:00', 'jiwondev', '2025-08-10 10:04:22.628004 +00:00'),
       (25, '63dbcdf7-598e-4111-89f4-1c6a6cc6f5e3', -200, '올리브영 상품권 래플 응모', 'jiwondev',
        '2025-08-10 10:04:22.628004 +00:00', 'jiwondev', '2025-08-10 10:04:22.628004 +00:00'),
       (26, 'cf9f9ba7-d1fb-4240-9521-1b1e9a8d8808', 70, '한강 다리 퀴즈 정답', 'jiwondev', '2025-08-10 10:04:22.628004 +00:00',
        'jiwondev', '2025-08-10 10:04:22.628004 +00:00'),
       (27, 'cf9f9ba7-d1fb-4240-9521-1b1e9a8d8808', 90, '궁궐 개수 퀴즈 정답', 'jiwondev', '2025-08-10 10:04:22.628004 +00:00',
        'jiwondev', '2025-08-10 10:04:22.628004 +00:00'),
       (28, 'cf9f9ba7-d1fb-4240-9521-1b1e9a8d8808', 50, '서울 관광 만족도 조사 완료', 'jiwondev',
        '2025-08-10 10:04:22.628004 +00:00', 'jiwondev', '2025-08-10 10:04:22.628004 +00:00'),
       (29, 'cf9f9ba7-d1fb-4240-9521-1b1e9a8d8808', 40, '대중교통 이용 후기 설문 완료', 'jiwondev',
        '2025-08-10 10:04:22.628004 +00:00', 'jiwondev', '2025-08-10 10:04:22.628004 +00:00'),
       (30, 'cf9f9ba7-d1fb-4240-9521-1b1e9a8d8808', 80, '올림픽 연도 퀴즈 정답', 'jiwondev', '2025-08-10 10:04:22.628004 +00:00',
        'jiwondev', '2025-08-10 10:04:22.628004 +00:00');

insert into raffle_product (id, name, description, image_url, created_by, created_at, modified_by, modified_at,
                            point_cost)
values (1, '스타벅스 아메리카노', '스타벅스 아메리카노 기프티콘 (ICE/HOT 선택 가능)',
        'https://storage.googleapis.com/honmoon-bucket/raffle/image/1.jpg', 'jiwondev',
        '2025-08-10 10:04:22.558569 +00:00', 'jiwondev', '2025-08-10 10:04:22.558569 +00:00', 100),
       (2, '이디야 카페라떼', '이디야커피 카페라떼 기프티콘', 'https://storage.googleapis.com/honmoon-bucket/raffle/image/2.jpg',
        'jiwondev', '2025-08-10 10:04:22.558569 +00:00', 'jiwondev', '2025-08-10 10:04:22.558569 +00:00', 100),
       (3, '편의점 5천원권', 'GS25, CU, 세븐일레븐 등에서 사용 가능한 5천원 상품권',
        'https://storage.googleapis.com/honmoon-bucket/raffle/image/3.jpg', 'jiwondev',
        '2025-08-10 10:04:22.558569 +00:00', 'jiwondev', '2025-08-10 10:04:22.558569 +00:00', 100),
       (4, '투썸플레이스 케이크', '투썸플레이스 케이크 기프티콘 (종류 선택 가능)',
        'https://storage.googleapis.com/honmoon-bucket/raffle/image/4.jpg', 'jiwondev',
        '2025-08-10 10:04:22.558569 +00:00', 'jiwondev', '2025-08-10 10:04:22.558569 +00:00', 100),
       (5, '던킨도넛 도넛세트', '던킨도넛 도넛 6개 세트 기프티콘', 'https://storage.googleapis.com/honmoon-bucket/raffle/image/5.jpg',
        'jiwondev', '2025-08-10 10:04:22.558569 +00:00', 'jiwondev', '2025-08-10 10:04:22.558569 +00:00', 100),
       (6, 'BHC 치킨 기프티콘', 'BHC 뿌링클 치킨 + 콜라 세트 기프티콘', 'https://storage.googleapis.com/honmoon-bucket/raffle/image/6.jpg',
        'jiwondev', '2025-08-10 10:04:22.558569 +00:00', 'jiwondev', '2025-08-10 10:04:22.558569 +00:00', 100),
       (7, '피자헛 라지피자', '피자헛 라지 피자 1판 기프티콘', 'https://storage.googleapis.com/honmoon-bucket/raffle/image/7.jpg',
        'jiwondev', '2025-08-10 10:04:22.558569 +00:00', 'jiwondev', '2025-08-10 10:04:22.558569 +00:00', 100),
       (8, 'CGV 영화관람권', 'CGV 영화관람권 1매 (2D 일반상영)', 'https://storage.googleapis.com/honmoon-bucket/raffle/image/8.jpg',
        'jiwondev', '2025-08-10 10:04:22.558569 +00:00', 'jiwondev', '2025-08-10 10:04:22.558569 +00:00', 100),
       (9, '교보문고 도서상품권', '교보문고에서 사용 가능한 1만원 도서상품권', 'https://storage.googleapis.com/honmoon-bucket/raffle/image/9.jpg',
        'jiwondev', '2025-08-10 10:04:22.558569 +00:00', 'jiwondev', '2025-08-10 10:04:22.558569 +00:00', 100),
       (10, '올리브영 상품권', '올리브영 1만원 상품권', 'https://storage.googleapis.com/honmoon-bucket/raffle/image/10.jpg', 'jiwondev',
        '2025-08-10 10:04:22.558569 +00:00', 'jiwondev', '2025-08-10 10:04:22.558569 +00:00', 100),
       (11, '버거킹 와퍼세트', '버거킹 와퍼세트 기프티콘', 'https://storage.googleapis.com/honmoon-bucket/raffle/image/11.jpg',
        'jiwondev', '2025-08-10 10:04:22.558569 +00:00', 'jiwondev', '2025-08-10 10:04:22.558569 +00:00', 100),
       (12, '파리바게뜨 케이크', '파리바게뜨 생크림케이크 기프티콘', 'https://storage.googleapis.com/honmoon-bucket/raffle/image/12.jpg',
        'jiwondev', '2025-08-10 10:04:22.558569 +00:00', 'jiwondev', '2025-08-10 10:04:22.558569 +00:00', 100),
       (13, '애플 에어팟 3세대', 'Apple AirPods (3rd generation)',
        'https://storage.googleapis.com/honmoon-bucket/raffle/image/13.jpg', 'jiwondev',
        '2025-08-10 10:04:22.558569 +00:00', 'jiwondev', '2025-08-10 10:04:22.558569 +00:00', 100),
       (14, '국립중앙박물관 어흥 스티커 팩', '국립중앙박물관 어흥 스티커 팩', 'https://storage.googleapis.com/honmoon-bucket/raffle/image/14.jpg',
        'jiwondev', '2025-08-10 10:04:22.558569 +00:00', 'jiwondev', '2025-08-10 10:04:22.558569 +00:00', 100),
       (15, '롯데백화점 상품권', '롯데백화점 5만원 상품권', 'https://storage.googleapis.com/honmoon-bucket/raffle/image/15.jpg',
        'jiwondev', '2025-08-10 10:04:22.558569 +00:00', 'jiwondev', '2025-08-10 10:04:22.558569 +00:00', 100),
       (16, '카카오프렌즈 굿즈세트', '라이언 피규어 + 스티커팩 + 파우치 세트',
        'https://storage.googleapis.com/honmoon-bucket/raffle/image/16.jpg', 'jiwondev',
        '2025-08-10 10:04:22.558569 +00:00', 'jiwondev', '2025-08-10 10:04:22.558569 +00:00', 100),
       (17, '국립중앙박물관 케데헌 뱃지', '국립중앙박물관 케데헌 뱃지(더피)', 'https://storage.googleapis.com/honmoon-bucket/raffle/image/17.jpg',
        'jiwondev', '2025-08-10 10:04:22.558569 +00:00', 'jiwondev', '2025-08-10 10:04:22.558569 +00:00', 100),
       (18, '국립중앙박물관 갓 잔', '국립중앙박물관 갓 잔', 'https://storage.googleapis.com/honmoon-bucket/raffle/image/18.jpg',
        'jiwondev', '2025-08-10 10:04:22.558569 +00:00', 'jiwondev', '2025-08-10 10:04:22.558569 +00:00', 100),
       (19, '국립중앙박물관 취객선비 3인방 변색 잔세트', '국립중앙박물관 취객선비 3인방 변색 잔세트',
        'https://storage.googleapis.com/honmoon-bucket/raffle/image/19.jpg', 'jiwondev',
        '2025-08-10 10:04:22.558569 +00:00', 'jiwondev', '2025-08-10 10:04:22.558569 +00:00', 100),
       (20, '국립중앙박물관 호랑이 까치 안전 키링', '국립중앙박물관 호랑이 까치 안전 키링',
        'https://storage.googleapis.com/honmoon-bucket/raffle/image/20.jpg', 'jiwondev',
        '2025-08-10 10:04:22.558569 +00:00', 'jiwondev', '2025-08-10 10:04:22.558569 +00:00', 100);

insert into raffle_user_application (id, user_id, raffle_product_id, created_by, created_at, modified_by, modified_at,
                                     application_date)
values (1, '2c0cd5f3-2993-4b71-a8da-5beeb79ad43c', 6, 'jiwondev', '2025-08-10 10:04:22.721135 +00:00', 'jiwondev',
        '2025-08-10 10:04:22.721135 +00:00', '2025-08-05 10:04:22.721135 +00:00'),
       (2, '2c0cd5f3-2993-4b71-a8da-5beeb79ad43c', 8, 'jiwondev', '2025-08-10 10:04:22.721135 +00:00', 'jiwondev',
        '2025-08-10 10:04:22.721135 +00:00', '2025-08-07 10:04:22.721135 +00:00'),
       (3, '2c0cd5f3-2993-4b71-a8da-5beeb79ad43c', 1, 'jiwondev', '2025-08-10 10:04:22.721135 +00:00', 'jiwondev',
        '2025-08-10 10:04:22.721135 +00:00', '2025-08-02 10:04:22.721135 +00:00'),
       (4, 'bce8f598-b083-4972-94f8-177c7af7386e', 1, 'jiwondev', '2025-08-10 10:04:22.721135 +00:00', 'jiwondev',
        '2025-08-10 10:04:22.721135 +00:00', '2025-08-08 10:04:22.721135 +00:00'),
       (5, '6f8e9e91-530f-410a-9796-a20c428297c9', 3, 'jiwondev', '2025-08-10 10:04:22.721135 +00:00', 'jiwondev',
        '2025-08-10 10:04:22.721135 +00:00', '2025-08-09 10:04:22.721135 +00:00'),
       (6, 'efaa7a69-b6d2-43d6-90f7-c079e156afd4', 18, 'jiwondev', '2025-08-10 10:04:22.721135 +00:00', 'jiwondev',
        '2025-08-10 10:04:22.721135 +00:00', '2025-08-02 10:04:22.721135 +00:00'),
       (7, 'efaa7a69-b6d2-43d6-90f7-c079e156afd4', 20, 'jiwondev', '2025-08-10 10:04:22.721135 +00:00', 'jiwondev',
        '2025-08-10 10:04:22.721135 +00:00', '2025-08-07 10:04:22.721135 +00:00'),
       (8, 'efaa7a69-b6d2-43d6-90f7-c079e156afd4', 1, 'jiwondev', '2025-08-10 10:04:22.721135 +00:00', 'jiwondev',
        '2025-08-10 10:04:22.721135 +00:00', '2025-08-03 10:04:22.721135 +00:00'),
       (9, '63dbcdf7-598e-4111-89f4-1c6a6cc6f5e3', 1, 'jiwondev', '2025-08-10 10:04:22.721135 +00:00', 'jiwondev',
        '2025-08-10 10:04:22.721135 +00:00', '2025-08-04 10:04:22.721135 +00:00'),
       (10, '63dbcdf7-598e-4111-89f4-1c6a6cc6f5e3', 3, 'jiwondev', '2025-08-10 10:04:22.721135 +00:00', 'jiwondev',
        '2025-08-10 10:04:22.721135 +00:00', '2025-08-06 10:04:22.721135 +00:00'),
       (11, '63dbcdf7-598e-4111-89f4-1c6a6cc6f5e3', 10, 'jiwondev', '2025-08-10 10:04:22.721135 +00:00', 'jiwondev',
        '2025-08-10 10:04:22.721135 +00:00', '2025-08-08 10:04:22.721135 +00:00'),
       (12, '63dbcdf7-598e-4111-89f4-1c6a6cc6f5e3', 9, 'jiwondev', '2025-08-10 10:04:22.721135 +00:00', 'jiwondev',
        '2025-08-10 10:04:22.721135 +00:00', '2025-08-06 10:04:22.721135 +00:00'),
       (13, '63dbcdf7-598e-4111-89f4-1c6a6cc6f5e3', 7, 'jiwondev', '2025-08-10 10:04:22.721135 +00:00', 'jiwondev',
        '2025-08-10 10:04:22.721135 +00:00', '2025-08-03 10:04:22.721135 +00:00'),
       (14, 'cf9f9ba7-d1fb-4240-9521-1b1e9a8d8808', 9, 'jiwondev', '2025-08-10 10:04:22.721135 +00:00', 'jiwondev',
        '2025-08-10 10:04:22.721135 +00:00', '2025-08-06 10:04:22.721135 +00:00'),
       (15, 'cf9f9ba7-d1fb-4240-9521-1b1e9a8d8808', 14, 'jiwondev', '2025-08-10 10:04:22.721135 +00:00', 'jiwondev',
        '2025-08-10 10:04:22.721135 +00:00', '2025-08-09 10:04:22.721135 +00:00'),
       (16, 'cf9f9ba7-d1fb-4240-9521-1b1e9a8d8808', 3, 'jiwondev', '2025-08-10 10:04:22.721135 +00:00', 'jiwondev',
        '2025-08-10 10:04:22.721135 +00:00', '2025-08-05 10:04:22.721135 +00:00'),
       (17, 'cf9f9ba7-d1fb-4240-9521-1b1e9a8d8808', 11, 'jiwondev', '2025-08-10 10:04:22.721135 +00:00', 'jiwondev',
        '2025-08-10 10:04:22.721135 +00:00', '2025-08-07 10:04:22.721135 +00:00'),
       (18, 'cf9f9ba7-d1fb-4240-9521-1b1e9a8d8808', 8, 'jiwondev', '2025-08-10 10:04:22.721135 +00:00', 'jiwondev',
        '2025-08-10 10:04:22.721135 +00:00', '2025-08-07 10:04:22.721135 +00:00');

insert into user_activity (id, user_id, place_id, mission_id, description, is_correct, is_completed, points_earned,
                           text_answer, selected_choice_index, uploaded_image_url, created_by, created_at, modified_by,
                           modified_at)
values (1, '2c0cd5f3-2993-4b71-a8da-5beeb79ad43c', 3, 1, '광화문 역사 퀴즈 도전 및 정답', true, true, 100, null, 1, null,
        'jiwondev', '2025-08-10 10:04:22.671003 +00:00', 'jiwondev', '2025-08-10 10:04:22.671003 +00:00'),
       (2, '2c0cd5f3-2993-4b71-a8da-5beeb79ad43c', 6, 15, '명동에서 길거리음식 사진 촬영', null, true, 200, null, null,
        'https://storage.googleapis.com/honmoon-bucket/image/honmmon.png', 'jiwondev',
        '2025-08-10 10:04:22.671003 +00:00', 'jiwondev', '2025-08-10 10:04:22.671003 +00:00'),
       (3, '2c0cd5f3-2993-4b71-a8da-5beeb79ad43c', 4, 4, '경복궁 문화재 퀴즈 참여', true, true, 150, null, 0, null, 'jiwondev',
        '2025-08-10 10:04:22.671003 +00:00', 'jiwondev', '2025-08-10 10:04:22.671003 +00:00'),
       (4, '2c0cd5f3-2993-4b71-a8da-5beeb79ad43c', 5, 23, '덕수궁 돌담길 산책 미션 완료', null, true, 120, null, null, null,
        'jiwondev', '2025-08-10 10:04:22.671003 +00:00', 'jiwondev', '2025-08-10 10:04:22.671003 +00:00'),
       (5, '2c0cd5f3-2993-4b71-a8da-5beeb79ad43c', 12, 18, '한강에서 일몰 사진 촬영', null, true, 180, null, null,
        'https://storage.googleapis.com/honmoon-bucket/image/honmmon.png', 'jiwondev',
        '2025-08-10 10:04:22.671003 +00:00', 'jiwondev', '2025-08-10 10:04:22.671003 +00:00'),
       (6, 'bce8f598-b083-4972-94f8-177c7af7386e', 1, 2, '한강 생태 퀴즈 참여', true, true, 120, null, 1, null, 'jiwondev',
        '2025-08-10 10:04:22.671003 +00:00', 'jiwondev', '2025-08-10 10:04:22.671003 +00:00'),
       (7, 'bce8f598-b083-4972-94f8-177c7af7386e', 12, 27, '가족과 함께 한강 피크닉', null, true, 150, null, null,
        'https://storage.googleapis.com/honmoon-bucket/image/honmmon.png', 'jiwondev',
        '2025-08-10 10:04:22.671003 +00:00', 'jiwondev', '2025-08-10 10:04:22.671003 +00:00'),
       (8, 'bce8f598-b083-4972-94f8-177c7af7386e', 7, 5, '홍대 문화 퀴즈 도전', true, true, 90, null, 2, null, 'jiwondev',
        '2025-08-10 10:04:22.671003 +00:00', 'jiwondev', '2025-08-10 10:04:22.671003 +00:00'),
       (9, '6f8e9e91-530f-410a-9796-a20c428297c9', 8, 8, '강남역 교통 퀴즈 참여', true, true, 80, null, 1, null, 'jiwondev',
        '2025-08-10 10:04:22.671003 +00:00', 'jiwondev', '2025-08-10 10:04:22.671003 +00:00'),
       (10, '6f8e9e91-530f-410a-9796-a20c428297c9', 14, 25, '익선동 카페거리 탐방', null, true, 90, null, null, null, 'jiwondev',
        '2025-08-10 10:04:22.671003 +00:00', 'jiwondev', '2025-08-10 10:04:22.671003 +00:00'),
       (11, 'efaa7a69-b6d2-43d6-90f7-c079e156afd4', 4, 16, '경복궁 근위병 교대식 사진 촬영', null, true, 250, null, null,
        'https://storage.googleapis.com/honmoon-bucket/image/honmmon.png', 'jiwondev',
        '2025-08-10 10:04:22.671003 +00:00', 'jiwondev', '2025-08-10 10:04:22.671003 +00:00'),
       (12, 'efaa7a69-b6d2-43d6-90f7-c079e156afd4', 2, 17, '남산타워에서 서울 야경 촬영', null, true, 300, null, null,
        'https://storage.googleapis.com/honmoon-bucket/image/honmmon.png', 'jiwondev',
        '2025-08-10 10:04:22.671003 +00:00', 'jiwondev', '2025-08-10 10:04:22.671003 +00:00'),
       (13, 'efaa7a69-b6d2-43d6-90f7-c079e156afd4', 10, 6, '인사동 전통 퀴즈 도전', true, true, 130, null, 1, null, 'jiwondev',
        '2025-08-10 10:04:22.671003 +00:00', 'jiwondev', '2025-08-10 10:04:22.671003 +00:00'),
       (14, 'efaa7a69-b6d2-43d6-90f7-c079e156afd4', 11, 24, '올림픽공원 조각작품 관람', null, true, 100, null, null, null,
        'jiwondev', '2025-08-10 10:04:22.671003 +00:00', 'jiwondev', '2025-08-10 10:04:22.671003 +00:00'),
       (15, '63dbcdf7-598e-4111-89f4-1c6a6cc6f5e3', 9, 7, '이태원 국제문화 퀴즈 참여', true, true, 100, null, 1, null, 'jiwondev',
        '2025-08-10 10:04:22.671003 +00:00', 'jiwondev', '2025-08-10 10:04:22.671003 +00:00'),
       (16, '63dbcdf7-598e-4111-89f4-1c6a6cc6f5e3', 8, 26, '강남 지하상가 쇼핑 미션', null, true, 80, null, null, null,
        'jiwondev', '2025-08-10 10:04:22.671003 +00:00', 'jiwondev', '2025-08-10 10:04:22.671003 +00:00'),
       (17, '63dbcdf7-598e-4111-89f4-1c6a6cc6f5e3', 13, 13, '북촌한옥마을 위치 퀴즈', true, true, 60, '종로구', null, null,
        'jiwondev', '2025-08-10 10:04:22.671003 +00:00', 'jiwondev', '2025-08-10 10:04:22.671003 +00:00'),
       (18, '63dbcdf7-598e-4111-89f4-1c6a6cc6f5e3', 10, 19, '인사동 전통차 사진 촬영', null, true, 150, null, null,
        'https://storage.googleapis.com/honmoon-bucket/image/honmmon.png', 'jiwondev',
        '2025-08-10 10:04:22.671003 +00:00', 'jiwondev', '2025-08-10 10:04:22.671003 +00:00'),
       (19, 'cf9f9ba7-d1fb-4240-9521-1b1e9a8d8808', 1, 10, '한강 다리 퀴즈 도전', true, true, 70, '마포대교', null, null,
        'jiwondev', '2025-08-10 10:04:22.671003 +00:00', 'jiwondev', '2025-08-10 10:04:22.671003 +00:00'),
       (20, 'cf9f9ba7-d1fb-4240-9521-1b1e9a8d8808', 11, 12, '올림픽 연도 퀴즈 참여', true, true, 80, '1988', null, null,
        'jiwondev', '2025-08-10 10:04:22.671003 +00:00', 'jiwondev', '2025-08-10 10:04:22.671003 +00:00'),
       (21, '6f8e9e91-530f-410a-9796-a20c428297c9', 3, 9, '서울 수도 퀴즈 참여', true, true, 50, '서울', null, null, 'jiwondev',
        '2025-08-10 10:04:22.671003 +00:00', 'jiwondev', '2025-08-10 10:04:22.671003 +00:00'),
       (22, 'cf9f9ba7-d1fb-4240-9521-1b1e9a8d8808', 4, 11, '궁궐 개수 퀴즈 참여', true, true, 90, '경복궁', null, null, 'jiwondev',
        '2025-08-10 10:04:22.671003 +00:00', 'jiwondev', '2025-08-10 10:04:22.671003 +00:00'),
       (23, 'cf9f9ba7-d1fb-4240-9521-1b1e9a8d8808', 3, 29, '서울 관광 만족도 조사 완료', null, true, 50, null, null, null,
        'jiwondev', '2025-08-10 10:04:22.671003 +00:00', 'jiwondev', '2025-08-10 10:04:22.671003 +00:00'),
       (24, 'cf9f9ba7-d1fb-4240-9521-1b1e9a8d8808', 8, 30, '대중교통 이용 후기 설문 완료', null, true, 40, null, null, null,
        'jiwondev', '2025-08-10 10:04:22.671003 +00:00', 'jiwondev', '2025-08-10 10:04:22.671003 +00:00'),
       (26, '2c0cd5f3-2993-4b71-a8da-5beeb79ad43c', 1, null, '한강공원에서 산책', null, true, 0, null, null, null, 'anonymous',
        '2025-08-11 18:57:27.496163 +00:00', 'anonymous', '2025-08-11 18:57:27.496163 +00:00');



select setval(pg_get_serial_sequence('mission_place', 'id'), coalesce((select max(id) from mission_place), 0));
select setval(pg_get_serial_sequence('mission_detail', 'id'), coalesce((select max(id) from mission_detail), 0));
select setval(pg_get_serial_sequence('raffle_product', 'id'), coalesce((select max(id) from raffle_product), 0));
select setval(pg_get_serial_sequence('raffle_user_application', 'id'),
              coalesce((select max(id) from raffle_product), 0));
select setval(pg_get_serial_sequence('point_history', 'id'), coalesce((select max(id) from point_history), 0));
select setval(pg_get_serial_sequence('user_activity', 'id'), coalesce((select max(id) from user_activity), 0));

